{
  "project_info": {
    "project_number": "683958697149",
    "firebase_url": "https://for-uas.firebaseio.com",
    "project_id": "for-uas",
    "storage_bucket": "for-uas.appspot.com"
  },
  "client": [
    {
      "client_info": {
        "mobilesdk_app_id": "1:683958697149:android:a3f85411daf50fb00acbd4",
        "android_client_info": {
          "package_name": "com.example.quotesbook"
        }
      },
      "oauth_client": [
        {
          "client_id": "683958697149-ichb1988n0hi1m086ob1942ffrtn5atl.apps.googleusercontent.com",
          "client_type": 1,
          "android_info": {
            "package_name": "com.example.quotesbook",
            "certificate_hash": "5ff7346b5cfe13674b08cb1a7e3da9f8a82ec2e4"
          }
        },
        {
          "client_id": "683958697149-sch1o5pmnrsvc6evagirpj5oltdblq5u.apps.googleusercontent.com",
          "client_type": 3
        }
      ],
      "api_key": [
        {
          "current_key": "AIzaSyB_TGdyqwCq2KEVLQJSg3XTV-taLLvDbPw"
        }
      ],
      "services": {
        "appinvite_service": {
          "other_platform_oauth_client": [
            {
              "client_id": "683958697149-sch1o5pmnrsvc6evagirpj5oltdblq5u.apps.googleusercontent.com",
              "client_type": 3
            }
          ]
        }
      }
    },
    {
      "client_info": {
        "mobilesdk_app_id": "1:683958697149:android:7c1507fb92bde08a0acbd4",
        "android_client_info": {
          "package_name": "com.example.travel_app"
        }
      },
      "oauth_client": [
        {
          "client_id": "683958697149-pfhme5v97018auncm9q85rla5r5neqd5.apps.googleusercontent.com",
          "client_type": 1,
          "android_info": {
            "package_name": "com.example.travel_app",
            "certificate_hash": "5ff7346b5cfe13674b08cb1a7e3da9f8a82ec2e4"
          }
        },
        {
          "client_id": "683958697149-sch1o5pmnrsvc6evagirpj5oltdblq5u.apps.googleusercontent.com",
          "client_type": 3
        }
      ],
      "api_key": [
        {
          "current_key": "AIzaSyB_TGdyqwCq2KEVLQJSg3XTV-taLLvDbPw"
        }
      ],
      "services": {
        "appinvite_service": {
          "other_platform_oauth_client": [
            {
              "client_id": "683958697149-sch1o5pmnrsvc6evagirpj5oltdblq5u.apps.googleusercontent.com",
              "client_type": 3
            }
          ]
        }
      }
    },
    {
      "client_info": {
        "mobilesdk_app_id": "1:683958697149:android:089d63c79a9f064f0acbd4",
        "android_client_info": {
          "package_name": "com.example.travelala"
        }
      },
      "oauth_client": [
        {
          "client_id": "683958697149-58236iq7q8iii29aupclsi4kq4lbmjh8.apps.googleusercontent.com",
          "client_type": 1,
          "android_info": {
            "package_name": "com.example.travelala",
            "certificate_hash": "5ff7346b5cfe13674b08cb1a7e3da9f8a82ec2e4"
          }
        },
        {
          "client_id": "683958697149-sch1o5pmnrsvc6evagirpj5oltdblq5u.apps.googleusercontent.com",
          "client_type": 3
        }
      ],
      "api_key": [
        {
          "current_key": "AIzaSyB_TGdyqwCq2KEVLQJSg3XTV-taLLvDbPw"
        }
      ],
      "services": {
        "appinvite_service": {
          "other_platform_oauth_client": [
            {
              "client_id": "683958697149-sch1o5pmnrsvc6evagirpj5oltdblq5u.apps.googleusercontent.com",
              "client_type": 3
            }
          ]
        }
      }
    },
    {
      "client_info": {
        "mobilesdk_app_id": "1:683958697149:android:6d49d8516d8b09270acbd4",
        "android_client_info": {
          "package_name": "com.example.wystore"
        }
      },
      "oauth_client": [
        {
          "client_id": "683958697149-bhr4nr0sn7a9caol3desp9t5n0onl6og.apps.googleusercontent.com",
          "client_type": 1,
          "android_info": {
            "package_name": "com.example.wystore",
            "certificate_hash": "5ff7346b5cfe13674b08cb1a7e3da9f8a82ec2e4"
          }
        },
        {
          "client_id": "683958697149-sch1o5pmnrsvc6evagirpj5oltdblq5u.apps.googleusercontent.com",
          "client_type": 3
        }
      ],
      "api_key": [
        {
          "current_key": "AIzaSyB_TGdyqwCq2KEVLQJSg3XTV-taLLvDbPw"
        }
      ],
      "services": {
        "appinvite_service": {
          "other_platform_oauth_client": [
            {
              "client_id": "683958697149-sch1o5pmnrsvc6evagirpj5oltdblq5u.apps.googleusercontent.com",
              "client_type": 3
            }
          ]
        }
      }
    }
  ],
  "configuration_version": "1"
}